Account Number,Post Date,Description,Debit,Credit,Balance
XXXX4421,08/20/2026,AUBURN HILLS WATER,60.00,,7420.00
XXXX4421,08/15/2026,ACME CORP PAYROLL,,4820.33,7480.00
XXXX4421,08/12/2026,TRANSFER TO GENISYS SAVINGS,400.00,,2659.67
XXXX4421,08/08/2026,AMEX EPAYMENT ACH PMT,1850.00,,3059.67
XXXX4421,08/05/2026,GEICO AUTO,142.18,,4909.67
XXXX4421,08/05/2026,XFINITY INTERNET,89.99,,5051.85
XXXX4421,08/05/2026,DTE ENERGY,148.22,,5141.84
XXXX4421,08/03/2026,MORTGAGE PAYMENT - ROCKET MTG,2140.00,,5290.06
XXXX4421,08/01/2026,ACME CORP PAYROLL,,4820.33,7430.06
